user_group,session_hour,session_day,session_count,avg_cart_value,avg_product_count,avg_price_per_item,avg_session_duration_min
no_cart,00,Saturday,77,36.25,7.03,5.59,77.28
no_cart,00,Friday,102,48.81,9.16,6.71,72.45
no_cart,00,Monday,124,66.93,10.40,7.92,99.91
no_cart,00,Thursday,104,36.91,7.17,6.08,54.84
no_cart,00,Sunday,58,18.55,4.91,5.47,45.43
no_cart,00,Wednesday,57,24.58,5.86,7.32,52.13
no_cart,00,Tuesday,99,40.67,9.81,6.59,86.11
purchase,00,Friday,154,59.71,10.01,8.28,84.71
purchase,00,Monday,173,55.93,10.27,7.17,86.73
purchase,00,Saturday,117,53.99,10.09,7.24,50.35
purchase,00,Thursday,142,58.79,10.91,9.28,63.34
purchase,00,Sunday,71,43.54,8.72,8.67,50.98
purchase,00,Tuesday,131,46.4,8.92,7.88,49.66
purchase,00,Wednesday,73,44.31,6.18,12.33,29.58
implicit_abandon,00,Friday,566,31.57,5.69,8,45.69
implicit_abandon,00,Thursday,487,26.64,5.03,7.59,27.82
implicit_abandon,00,Tuesday,500,22.84,4.05,7.85,29.37
implicit_abandon,00,Saturday,403,25.02,4.08,7.77,29.67
implicit_abandon,00,Monday,621,25.27,4.81,7.7,48.03
implicit_abandon,00,Sunday,432,20.7,3.32,8.27,12.22
implicit_abandon,00,Wednesday,399,23.1,3.52,9.61,10.72
explicit_abandon,00,Thursday,261,69.15,13.80,8.96,81.48
explicit_abandon,00,Monday,319,60.22,10.79,12.82,82.38
explicit_abandon,00,Saturday,243,53.65,10.42,7.99,52.20
explicit_abandon,00,Wednesday,181,80.09,11.02,34.6,32.94
explicit_abandon,00,Sunday,166,46.64,9.49,7.66,50.40
explicit_abandon,00,Friday,333,63.43,12.59,7.82,80.05
explicit_abandon,00,Tuesday,267,54.22,10.73,7.42,67.39
no_cart,01,Sunday,50,20.74,5.12,5.26,45.97
no_cart,01,Friday,76,32.94,6.58,6.22,57.22
no_cart,01,Tuesday,75,23.55,4.31,5.98,53.67
no_cart,01,Monday,72,30.4,6.47,6.18,65.47
no_cart,01,Thursday,72,37.71,9.17,4.79,64.33
no_cart,01,Saturday,51,88.29,8.29,8.45,37.35
no_cart,01,Wednesday,51,23.69,4.18,5.43,48.10
purchase,01,Sunday,62,60.11,11.26,7.68,40.36
purchase,01,Friday,64,60.91,10.06,7.57,50.83
purchase,01,Tuesday,61,69.03,11.08,8.92,44.10
purchase,01,Monday,43,45.59,7.12,11.74,68.58
purchase,01,Wednesday,71,65.22,12.17,9.19,36.55
purchase,01,Saturday,49,57.18,8.65,10.31,38.69
purchase,01,Thursday,68,55.82,9.10,7.76,38.46
implicit_abandon,01,Tuesday,396,21.71,3.46,9.14,31.93
implicit_abandon,01,Friday,372,27.31,4.37,8.8,40.75
implicit_abandon,01,Wednesday,375,21.36,3.87,8.85,10.47
implicit_abandon,01,Monday,317,22.8,3.65,7.82,36.83
implicit_abandon,01,Saturday,282,29.92,4.34,11.25,23.10
implicit_abandon,01,Sunday,305,23.56,4.65,7.81,18.21
implicit_abandon,01,Thursday,370,24.88,3.93,8.45,18.99
explicit_abandon,01,Friday,171,55.08,8.38,9.58,90.82
explicit_abandon,01,Monday,169,51.85,9.11,9.59,52.35
explicit_abandon,01,Thursday,171,48.65,8.65,8.11,49.36
explicit_abandon,01,Wednesday,142,42.48,8.07,8.07,40.44
explicit_abandon,01,Tuesday,175,56.39,9.22,10.31,67.32
explicit_abandon,01,Sunday,141,51.91,8.17,11.53,23.57
explicit_abandon,01,Saturday,123,51.16,8.57,8.08,56.98
no_cart,02,Wednesday,61,26.98,4.64,6.53,31.52
no_cart,02,Tuesday,68,36.53,7.35,5.79,62.44
no_cart,02,Friday,92,33.83,6.29,6.23,57.44
no_cart,02,Sunday,41,44.76,10.41,11.49,25.88
no_cart,02,Saturday,54,35.49,6.06,5.74,30.63
no_cart,02,Thursday,76,35.3,6.87,6.33,30.55
no_cart,02,Monday,64,36.7,6.80,7.17,84.38
purchase,02,Wednesday,69,41.38,7.33,7.66,56.50
purchase,02,Saturday,69,40.41,7.38,9.56,30.71
purchase,02,Friday,86,45.16,8.35,9.18,66.57
purchase,02,Sunday,66,95.62,7.79,21.6,38.40
purchase,02,Tuesday,81,43.31,7.26,10.68,36.22
purchase,02,Monday,104,54.19,9.47,13.85,34.85
purchase,02,Thursday,73,43.96,6.84,10.15,36.19
implicit_abandon,02,Friday,391,22.49,3.41,8.05,33.45
implicit_abandon,02,Monday,416,25.37,4.39,8.07,31.03
implicit_abandon,02,Saturday,300,23.59,3.49,9.8,60.21
implicit_abandon,02,Tuesday,461,21.63,3.98,8.1,25.65
implicit_abandon,02,Sunday,362,26.82,3.77,13.1,20.80
implicit_abandon,02,Thursday,473,24.24,4.08,8.11,26.37
implicit_abandon,02,Wednesday,431,22.35,3.62,8.53,10.76
explicit_abandon,02,Friday,171,45.77,7.80,7.59,78.65
explicit_abandon,02,Monday,173,43.82,8.28,11.63,67.38
explicit_abandon,02,Saturday,148,54,10.27,9.91,57.24
explicit_abandon,02,Tuesday,199,45.73,7.58,9.66,53.44
explicit_abandon,02,Wednesday,182,42.28,9.12,7.34,34.61
explicit_abandon,02,Sunday,143,65.44,10.15,12.84,35.52
explicit_abandon,02,Thursday,167,36.44,6.88,8.79,49.34
no_cart,03,Friday,115,26.9,4.49,7.61,74.31
no_cart,03,Monday,115,38,7.71,6.19,80.68
no_cart,03,Saturday,77,33.59,7.00,7.04,63.36
no_cart,03,Sunday,67,26.99,5.99,4.71,27.70
no_cart,03,Thursday,112,40.18,7.76,5.83,40.56
no_cart,03,Tuesday,103,28.81,6.33,6.13,49.43
no_cart,03,Wednesday,98,33.6,6.02,6.67,30.69
purchase,03,Friday,127,45.85,6.91,10.66,48.41
purchase,03,Monday,118,44.54,7.33,9.42,54.59
purchase,03,Saturday,76,58.25,7.87,13.45,53.10
purchase,03,Sunday,87,76.56,9.23,17.45,41.12
purchase,03,Thursday,137,46.75,8.06,8.15,39.45
purchase,03,Tuesday,126,48.15,7.63,7.41,40.42
purchase,03,Wednesday,104,46.02,7.66,10.38,39.77
implicit_abandon,03,Monday,634,20.18,3.11,9.05,39.99
implicit_abandon,03,Tuesday,679,21.82,3.27,8.81,16.14
implicit_abandon,03,Sunday,422,26.23,3.84,10.76,11.18
implicit_abandon,03,Friday,623,23.53,3.64,9.75,27.12
implicit_abandon,03,Wednesday,607,22.28,3.86,8.53,16.38
implicit_abandon,03,Saturday,462,24.38,4.11,9.83,21.75
implicit_abandon,03,Thursday,730,21.7,3.35,8.42,20.08
explicit_abandon,03,Friday,277,44.44,7.81,9.91,48.41
explicit_abandon,03,Thursday,275,40.75,8.02,7.38,60.05
explicit_abandon,03,Saturday,198,58.87,8.07,21.34,56.20
explicit_abandon,03,Wednesday,276,42.93,7.55,6.86,38.96
explicit_abandon,03,Monday,248,51.47,8.29,7.94,71.98
explicit_abandon,03,Sunday,206,53.46,11.47,8.6,39.39
explicit_abandon,03,Tuesday,302,50.57,7.66,11.25,63.73
no_cart,04,Friday,149,29.67,6.12,5.65,65.22
no_cart,04,Thursday,170,35.06,5.58,8.18,52.54
no_cart,04,Monday,178,22.4,4.60,6.79,82.81
no_cart,04,Saturday,104,34.56,6.82,5.81,38.76
no_cart,04,Sunday,126,41.38,8.36,6.81,43.65
no_cart,04,Tuesday,161,28.2,5.14,5.62,58.42
no_cart,04,Wednesday,147,26.24,5.21,6.83,31.24
purchase,04,Monday,202,48.39,7.49,11.49,53.52
purchase,04,Friday,203,48.56,8.21,9.65,51.78
purchase,04,Thursday,228,46.66,6.40,11.14,39.74
purchase,04,Tuesday,190,46.59,7.50,11.58,44.66
purchase,04,Saturday,123,47.71,6.00,10.53,33.92
purchase,04,Sunday,112,51.19,8.54,9.66,47.88
purchase,04,Wednesday,183,45.88,8.04,9.51,40.67
implicit_abandon,04,Friday,971,24.58,3.82,8.96,34.72
implicit_abandon,04,Monday,853,26.56,4.33,10.12,34.40
implicit_abandon,04,Saturday,662,25.59,3.80,9.61,16.01
implicit_abandon,04,Tuesday,1027,20.11,3.42,8.24,32.19
implicit_abandon,04,Sunday,611,23.35,3.95,9.64,14.39
implicit_abandon,04,Thursday,1040,21.23,3.51,8.04,20.71
implicit_abandon,04,Wednesday,977,22.95,4.07,9.12,16.86
explicit_abandon,04,Sunday,278,42.02,8.27,8.97,39.68
explicit_abandon,04,Thursday,435,44.05,7.28,10.13,60.55
explicit_abandon,04,Tuesday,451,51.96,7.14,12.21,57.37
explicit_abandon,04,Wednesday,397,42.74,7.63,8.23,40.73
explicit_abandon,04,Monday,384,47.04,8.46,10.5,104.47
explicit_abandon,04,Friday,400,52.43,7.49,11.69,73.82
explicit_abandon,04,Saturday,283,44.42,7.01,9.74,67.17
no_cart,05,Friday,248,32.82,6.09,6.28,77.08
no_cart,05,Monday,255,32.26,6.49,5.96,69.83
no_cart,05,Saturday,173,27.93,5.82,5.68,38.64
no_cart,05,Sunday,168,32.66,6.34,6.72,35.32
no_cart,05,Thursday,243,33.69,6.41,6.19,66.41
no_cart,05,Tuesday,266,27.87,5.13,7.15,44.28
no_cart,05,Wednesday,244,31.12,6.39,6.63,30.26
purchase,05,Friday,284,51.15,7.56,10.98,55.01
purchase,05,Monday,342,44.76,6.73,9.79,50.14
purchase,05,Saturday,226,47.84,8.16,9.84,38.27
purchase,05,Wednesday,363,36.23,5.87,9.5,37.70
purchase,05,Sunday,193,47.06,7.91,10.28,52.94
purchase,05,Thursday,357,42.51,6.61,10.64,38.79
purchase,05,Tuesday,404,42.02,6.83,9.12,44.03
implicit_abandon,05,Friday,1429,20.33,3.29,9.05,30.91
implicit_abandon,05,Monday,1387,20,3.44,8.81,27.73
implicit_abandon,05,Saturday,956,24.51,3.76,9.81,19.18
implicit_abandon,05,Thursday,1487,21.34,3.60,7.6,24.75
implicit_abandon,05,Sunday,954,22.52,3.49,9.31,15.86
implicit_abandon,05,Tuesday,1503,23.19,3.81,8.63,23.98
implicit_abandon,05,Wednesday,1440,20.65,3.79,8.56,14.34
explicit_abandon,05,Friday,621,47.74,8.25,8.31,59.67
explicit_abandon,05,Monday,632,43.61,7.79,9.31,67.63
explicit_abandon,05,Saturday,461,47.65,7.87,10.97,44.96
explicit_abandon,05,Sunday,359,44.82,7.73,10.88,33.68
explicit_abandon,05,Thursday,620,43.32,7.03,9.42,54.19
explicit_abandon,05,Wednesday,621,42.75,7.97,8.68,38.90
explicit_abandon,05,Tuesday,660,42.44,7.29,9.6,67.86
no_cart,06,Thursday,306,26.57,5.29,6.74,52.63
no_cart,06,Tuesday,367,31.58,4.99,6.72,49.88
no_cart,06,Friday,300,26.84,5.13,6.88,52.65
no_cart,06,Wednesday,290,46.77,8.54,5.94,47.45
no_cart,06,Saturday,200,30.52,5.73,6.94,52.48
no_cart,06,Sunday,211,31.18,5.96,5.9,48.58
no_cart,06,Monday,320,26.71,5.07,8.31,74.95
purchase,06,Friday,474,41.04,6.23,12.05,52.28
purchase,06,Thursday,510,38.14,6.16,9.61,54.69
purchase,06,Monday,488,42.26,5.98,10.74,55.93
purchase,06,Tuesday,588,39.05,6.22,9.03,40.23
purchase,06,Sunday,282,44.8,6.66,10.68,37.23
purchase,06,Saturday,299,45.73,6.98,11.17,36.52
purchase,06,Wednesday,531,43.17,6.26,12.48,44.86
implicit_abandon,06,Wednesday,1889,20.08,3.16,8.91,15.81
implicit_abandon,06,Friday,1919,19.98,2.97,8.75,33.33
implicit_abandon,06,Monday,1842,20.43,2.99,9.62,28.35
implicit_abandon,06,Saturday,1278,22.04,3.59,9.51,20.81
implicit_abandon,06,Tuesday,1965,19.18,2.91,9.09,23.21
implicit_abandon,06,Thursday,1991,19.69,2.99,9.89,25.43
implicit_abandon,06,Sunday,1251,22.03,3.83,8.84,13.84
explicit_abandon,06,Friday,793,40.34,7.71,7.97,71.65
explicit_abandon,06,Sunday,610,45.57,7.83,8.34,38.35
explicit_abandon,06,Tuesday,868,41.97,7.20,8.56,59.61
explicit_abandon,06,Wednesday,784,42.33,7.18,8.71,41.14
explicit_abandon,06,Thursday,844,47.12,8.32,9.2,57.70
explicit_abandon,06,Monday,830,44.28,7.56,9.6,71.14
explicit_abandon,06,Saturday,594,46.96,8.15,8.9,57.95
no_cart,07,Friday,321,29.56,5.31,7.02,67.64
no_cart,07,Tuesday,359,27.92,6.31,5.52,48.47
no_cart,07,Sunday,260,26.87,4.78,7.39,30.32
no_cart,07,Monday,367,33.62,7.41,5.47,83.59
no_cart,07,Wednesday,309,33.07,5.83,7.95,40.81
no_cart,07,Saturday,237,30.98,5.91,7.96,41.13
no_cart,07,Thursday,322,28.93,6.02,7.32,48.53
purchase,07,Wednesday,589,40.54,5.76,9.95,36.68
purchase,07,Tuesday,704,42.42,6.12,13.31,44.70
purchase,07,Friday,625,40.37,5.92,11.13,48.06
purchase,07,Monday,650,40.46,6.24,9.92,53.45
purchase,07,Sunday,405,45.06,6.67,10.78,37.63
purchase,07,Saturday,428,38.59,5.88,11.03,39.96
purchase,07,Thursday,650,43.12,6.39,10.81,50.33
implicit_abandon,07,Monday,2273,20.29,3.23,8.76,24.84
implicit_abandon,07,Saturday,1574,19.7,3.13,8.79,21.24
implicit_abandon,07,Sunday,1675,19.43,3.01,8.91,12.63
implicit_abandon,07,Thursday,2369,18.37,3.02,7.96,20.42
implicit_abandon,07,Tuesday,2391,17.9,2.89,8.41,20.05
implicit_abandon,07,Friday,2154,18.82,3.04,8.87,29.54
implicit_abandon,07,Wednesday,2289,18.81,2.91,9.1,13.13
explicit_abandon,07,Thursday,980,41.36,7.44,8.84,57.68
explicit_abandon,07,Monday,1026,41.07,6.69,10.16,61.78
explicit_abandon,07,Sunday,735,46.75,8.18,9.39,44.86
explicit_abandon,07,Wednesday,988,42.38,7.06,10.92,36.77
explicit_abandon,07,Tuesday,966,40.74,6.87,9.57,51.33
explicit_abandon,07,Saturday,722,49.14,7.71,12.31,57.20
explicit_abandon,07,Friday,878,41.27,6.32,12.6,71.64
no_cart,08,Tuesday,392,30.54,6.03,6.19,49.73
no_cart,08,Wednesday,354,27.56,5.75,6.38,30.27
no_cart,08,Friday,298,35.78,6.49,5.8,72.68
no_cart,08,Thursday,341,30.22,5.80,6.16,39.77
no_cart,08,Saturday,259,30.36,5.66,8.36,47.69
no_cart,08,Sunday,244,31.01,5.77,7.48,38.21
no_cart,08,Monday,333,33.64,5.65,6.62,55.00
purchase,08,Friday,658,39.86,6.17,11.42,45.10
purchase,08,Monday,698,41.64,5.94,12.35,44.24
purchase,08,Saturday,488,42.52,6.47,10.89,47.44
purchase,08,Sunday,504,44.36,6.89,9.42,43.95
purchase,08,Wednesday,712,35.37,5.64,10.41,35.12
purchase,08,Thursday,673,44.68,6.46,10.78,46.73
purchase,08,Tuesday,686,43.29,6.28,12.38,39.65
implicit_abandon,08,Friday,2343,20.51,2.88,8.78,22.18
implicit_abandon,08,Monday,2510,19.16,2.87,9.33,29.57
implicit_abandon,08,Thursday,2443,17.55,2.95,8.35,18.75
implicit_abandon,08,Tuesday,2524,20.2,3.10,8.99,18.61
implicit_abandon,08,Wednesday,2404,19.84,2.75,9.99,13.03
implicit_abandon,08,Sunday,1887,19.71,2.90,9.58,13.73
implicit_abandon,08,Saturday,1826,19.73,3.00,9.29,19.61
explicit_abandon,08,Friday,946,40.97,6.60,8.93,62.82
explicit_abandon,08,Monday,1021,40.72,6.56,11.19,66.93
explicit_abandon,08,Saturday,808,41.77,7.88,8.55,53.54
explicit_abandon,08,Thursday,1055,42.02,7.04,11.48,48.99
explicit_abandon,08,Tuesday,1107,40.64,6.97,8.96,45.48
explicit_abandon,08,Sunday,808,46.74,7.56,10.24,38.46
explicit_abandon,08,Wednesday,1053,42.56,6.97,9.14,35.54
no_cart,09,Tuesday,396,31.34,6.66,6.7,51.20
no_cart,09,Wednesday,340,33.88,5.49,12.4,32.30
no_cart,09,Friday,328,30.07,5.58,6.48,61.32
no_cart,09,Sunday,295,30.42,5.55,6.6,39.91
no_cart,09,Saturday,289,32.65,6.18,7.08,46.89
no_cart,09,Thursday,375,26.91,5.79,6.2,50.99
no_cart,09,Monday,415,26.94,5.70,6.09,52.21
purchase,09,Thursday,689,37.41,6.00,10.54,41.21
purchase,09,Friday,653,46.96,5.75,12.52,40.12
purchase,09,Monday,762,41,6.15,11.35,44.08
purchase,09,Saturday,492,39.76,5.77,11.65,34.47
purchase,09,Sunday,560,42.42,6.76,11.24,36.78
purchase,09,Tuesday,758,41.29,6.03,12.39,37.15
purchase,09,Wednesday,702,47.33,6.63,12.77,37.21
implicit_abandon,09,Friday,2398,17.39,2.74,8.51,22.71
implicit_abandon,09,Monday,2773,17.66,2.75,8.85,18.92
implicit_abandon,09,Saturday,2051,21,2.93,9.61,21.16
implicit_abandon,09,Sunday,2151,20.03,2.88,9.34,14.02
implicit_abandon,09,Tuesday,2745,19.01,2.86,8.68,18.65
implicit_abandon,09,Wednesday,2477,20.32,2.98,9.51,12.83
implicit_abandon,09,Thursday,2668,17.39,2.83,8.16,20.64
explicit_abandon,09,Monday,1112,40.62,6.89,9.36,59.22
explicit_abandon,09,Saturday,793,42.58,7.44,10.66,41.06
explicit_abandon,09,Sunday,882,46.85,8.17,11.21,33.07
explicit_abandon,09,Friday,990,38.86,6.14,9.87,51.44
explicit_abandon,09,Tuesday,1127,42.79,7.22,8.57,49.75
explicit_abandon,09,Thursday,1018,41.34,6.80,9.44,48.02
explicit_abandon,09,Wednesday,1103,41.96,8.07,10.63,32.67
no_cart,10,Tuesday,394,28.66,5.82,6.63,52.02
no_cart,10,Wednesday,406,26.28,5.16,6.21,30.49
no_cart,10,Friday,355,29.61,5.42,7.08,48.61
no_cart,10,Sunday,334,27.34,5.84,6.01,29.92
no_cart,10,Saturday,294,35.71,5.50,10.01,45.09
no_cart,10,Thursday,343,27.46,4.80,7.36,35.57
no_cart,10,Monday,402,28.12,6.00,6.31,40.67
purchase,10,Monday,739,48.75,6.33,16.31,40.67
purchase,10,Friday,655,40.14,6.51,9.76,43.70
purchase,10,Saturday,549,46.4,6.55,12.7,35.58
purchase,10,Sunday,588,40.76,6.24,10.85,37.57
purchase,10,Thursday,716,41.09,6.24,11.2,34.51
purchase,10,Tuesday,767,40.47,5.95,10.72,38.33
purchase,10,Wednesday,739,38.27,5.86,11,29.95
implicit_abandon,10,Friday,2470,18.33,2.84,9.02,15.95
implicit_abandon,10,Monday,2807,20.38,2.80,9.55,22.60
implicit_abandon,10,Sunday,2291,23.01,3.22,8.91,13.69
implicit_abandon,10,Saturday,1991,22.74,3.22,9.51,19.94
implicit_abandon,10,Tuesday,2642,18.07,2.80,8.43,12.95
implicit_abandon,10,Wednesday,2608,19.26,2.92,8.97,11.38
implicit_abandon,10,Thursday,2680,18.78,2.98,8.63,14.62
explicit_abandon,10,Monday,1170,46.36,7.41,11.96,53.45
explicit_abandon,10,Saturday,906,43.34,7.12,10.87,43.66
explicit_abandon,10,Sunday,934,42.65,7.05,10.33,35.19
explicit_abandon,10,Friday,1013,43.84,6.89,9.37,43.30
explicit_abandon,10,Tuesday,1140,41.39,6.94,9.54,40.16
explicit_abandon,10,Thursday,1080,44.14,6.87,10.3,38.95
explicit_abandon,10,Wednesday,1088,41.51,7.34,8.44,34.18
no_cart,11,Monday,456,24.51,5.45,6.24,46.99
no_cart,11,Friday,322,25.73,5.74,5.58,43.17
no_cart,11,Wednesday,405,49.93,6.22,6.7,29.07
no_cart,11,Saturday,334,29.94,5.91,6.4,43.35
no_cart,11,Sunday,361,32.42,5.97,6.31,33.83
no_cart,11,Thursday,383,27.18,5.30,6.72,36.53
no_cart,11,Tuesday,413,37.84,6.77,6.85,37.51
purchase,11,Friday,691,41.34,6.12,11.12,39.66
purchase,11,Saturday,546,41.24,6.27,11.7,45.67
purchase,11,Thursday,700,42.34,6.35,11.86,38.79
purchase,11,Sunday,569,42.56,6.56,12.56,33.31
purchase,11,Wednesday,697,40.92,5.91,12.39,31.48
purchase,11,Monday,726,58.78,6.11,10.84,36.23
purchase,11,Tuesday,730,41.41,6.27,9.66,45.40
implicit_abandon,11,Saturday,2028,20.12,2.87,9.97,14.95
implicit_abandon,11,Thursday,2811,18.4,2.95,8.4,15.27
implicit_abandon,11,Friday,2470,20.04,3.29,8.61,18.48
implicit_abandon,11,Sunday,2385,21.11,3.11,9.39,12.48
implicit_abandon,11,Tuesday,2686,18.93,2.84,9.14,16.13
implicit_abandon,11,Wednesday,2781,17.95,2.89,8.44,12.22
implicit_abandon,11,Monday,3035,18.45,2.89,8.43,17.63
explicit_abandon,11,Thursday,1172,41.99,7.03,10.01,37.67
explicit_abandon,11,Saturday,938,51.15,7.83,10.64,41.21
explicit_abandon,11,Friday,956,44.9,6.80,12.04,46.86
explicit_abandon,11,Wednesday,1139,47.03,7.28,12.49,29.95
explicit_abandon,11,Sunday,1054,44.12,7.54,9.51,32.69
explicit_abandon,11,Monday,1204,41.88,7.31,10.16,46.39
explicit_abandon,11,Tuesday,1154,38.68,6.98,8.13,37.39
no_cart,12,Friday,347,29.62,5.58,7.34,47.10
no_cart,12,Monday,487,29.71,5.66,6.41,42.53
no_cart,12,Saturday,297,28.26,5.78,6.68,33.02
no_cart,12,Sunday,368,26.5,4.91,6.59,29.74
no_cart,12,Thursday,357,38.35,7.51,6.54,35.60
no_cart,12,Tuesday,397,28.49,5.30,6.43,43.51
no_cart,12,Wednesday,408,28.56,5.90,6.23,28.64
purchase,12,Friday,596,39.53,5.98,10.56,39.94
purchase,12,Monday,837,39.54,6.01,10.57,37.58
purchase,12,Saturday,482,46.38,6.00,15.63,36.21
purchase,12,Sunday,559,41.68,6.35,11.99,34.35
purchase,12,Thursday,617,40.41,5.89,10.6,36.83
purchase,12,Tuesday,743,38.66,5.96,10.46,31.99
purchase,12,Wednesday,707,37.61,5.41,11.99,30.51
implicit_abandon,12,Friday,2471,22.66,3.23,8.45,12.86
implicit_abandon,12,Monday,3380,19.36,3.16,8.7,11.64
implicit_abandon,12,Saturday,2052,19.12,3.18,8.56,14.15
implicit_abandon,12,Sunday,2311,19.99,3.00,10.08,11.24
implicit_abandon,12,Thursday,2727,18.41,2.94,8.59,14.82
implicit_abandon,12,Tuesday,2733,17.85,2.83,8.39,14.38
implicit_abandon,12,Wednesday,3110,19.57,3.20,8.24,12.06
explicit_abandon,12,Saturday,897,45.59,7.75,9.97,40.58
explicit_abandon,12,Thursday,1124,41.86,6.92,9.44,31.46
explicit_abandon,12,Sunday,991,43.89,6.76,8.93,29.71
explicit_abandon,12,Wednesday,1242,43.14,7.03,9.16,29.99
explicit_abandon,12,Monday,1395,41.66,7.29,8.81,41.15
explicit_abandon,12,Friday,978,37.03,6.31,8.28,43.17
explicit_abandon,12,Tuesday,1153,42.61,7.18,8.86,37.17
no_cart,13,Sunday,321,24.4,4.85,6.07,28.49
no_cart,13,Friday,285,28.46,5.77,6.37,38.13
no_cart,13,Monday,431,28.04,5.45,6.98,48.14
no_cart,13,Saturday,300,28.16,5.93,5.44,40.65
no_cart,13,Thursday,354,24.72,4.68,6.21,29.03
no_cart,13,Tuesday,347,32.71,5.97,6.5,30.08
no_cart,13,Wednesday,360,29.43,5.46,7.45,24.29
purchase,13,Friday,534,43.49,5.60,12.99,33.73
purchase,13,Monday,758,48.06,6.22,12.25,37.97
purchase,13,Saturday,472,44.95,7.00,11.64,40.54
purchase,13,Sunday,565,43.33,7.45,12.98,33.35
purchase,13,Thursday,597,39.89,5.86,12.33,30.92
purchase,13,Tuesday,644,37.13,5.69,10.17,34.55
purchase,13,Wednesday,592,39.17,5.81,10.33,31.06
implicit_abandon,13,Friday,2149,17.99,2.99,8.05,16.10
implicit_abandon,13,Sunday,2335,20.89,3.27,8.87,12.57
implicit_abandon,13,Monday,3068,19.31,3.00,8.95,14.21
implicit_abandon,13,Thursday,2518,18.91,3.01,8.48,13.35
implicit_abandon,13,Saturday,2164,19.58,2.82,9.48,14.09
implicit_abandon,13,Tuesday,2538,19.34,3.03,9.44,13.17
implicit_abandon,13,Wednesday,2792,20.65,3.28,8.61,9.85
explicit_abandon,13,Sunday,988,43.28,7.46,8.89,32.92
explicit_abandon,13,Thursday,1037,42.03,7.62,8.79,38.07
explicit_abandon,13,Friday,906,37.31,6.50,8.86,43.56
explicit_abandon,13,Wednesday,1073,43,6.97,9.12,30.82
explicit_abandon,13,Monday,1264,42.01,7.07,9.57,31.26
explicit_abandon,13,Saturday,864,45.88,7.99,8.47,42.66
explicit_abandon,13,Tuesday,1056,41.75,7.31,9.19,36.43
no_cart,14,Friday,293,22.12,4.87,5.91,37.44
no_cart,14,Monday,390,37.88,8.29,6.22,48.48
no_cart,14,Saturday,317,25.76,5.48,6.7,46.69
no_cart,14,Sunday,357,28.73,5.22,8.15,30.73
no_cart,14,Thursday,319,28.01,5.27,7.54,36.53
no_cart,14,Tuesday,356,30.44,6.17,6.1,31.73
no_cart,14,Wednesday,306,24.2,4.73,7.33,23.72
purchase,14,Monday,654,44.81,6.51,11.56,34.59
purchase,14,Sunday,554,40.58,6.77,10.81,36.72
purchase,14,Friday,496,42.76,6.31,11.35,31.09
purchase,14,Thursday,539,36.39,5.76,10.02,31.89
purchase,14,Saturday,451,48.68,7.00,13.76,38.61
purchase,14,Tuesday,555,42.73,6.31,11.48,33.43
purchase,14,Wednesday,570,43.72,6.35,11.69,34.54
implicit_abandon,14,Thursday,2228,17.92,2.63,9.3,11.75
implicit_abandon,14,Saturday,2140,19.87,3.24,8.6,14.63
implicit_abandon,14,Sunday,2337,19.44,3.06,8.81,11.00
implicit_abandon,14,Tuesday,2316,20.61,3.18,8.99,13.86
implicit_abandon,14,Monday,2700,19.38,3.05,8.9,13.04
implicit_abandon,14,Wednesday,2556,18.97,3.02,8.02,11.59
implicit_abandon,14,Friday,2023,19.56,3.18,8.99,14.43
explicit_abandon,14,Friday,865,45.06,7.76,9.48,39.29
explicit_abandon,14,Saturday,910,41.39,7.86,9.04,32.08
explicit_abandon,14,Thursday,929,41.75,7.04,10.43,36.97
explicit_abandon,14,Monday,1097,45.48,6.90,11.51,35.34
explicit_abandon,14,Sunday,998,43.28,7.94,9.53,33.64
explicit_abandon,14,Wednesday,980,46.36,7.76,10.25,29.53
explicit_abandon,14,Tuesday,975,47.62,6.94,9.61,38.10
no_cart,15,Tuesday,329,28.6,5.96,6.25,30.97
no_cart,15,Wednesday,306,31.7,6.67,5.79,32.17
no_cart,15,Friday,309,72.83,9.70,7.85,35.82
no_cart,15,Sunday,338,30.57,5.09,8.6,28.38
no_cart,15,Saturday,304,32.93,6.14,6.18,26.61
no_cart,15,Thursday,300,25.31,6.29,5.49,30.53
no_cart,15,Monday,379,31.56,7.89,6.01,39.46
purchase,15,Friday,488,42.96,6.29,12.03,35.15
purchase,15,Thursday,456,38.75,5.79,10.58,30.28
purchase,15,Monday,598,44.95,7.00,11.42,34.18
purchase,15,Tuesday,541,43.97,6.39,14.53,31.58
purchase,15,Saturday,438,57.53,6.83,12.65,34.89
purchase,15,Sunday,544,42.61,6.80,11.09,33.73
purchase,15,Wednesday,532,42.76,6.82,9.94,33.05
implicit_abandon,15,Wednesday,2295,20.12,3.41,8.86,10.21
implicit_abandon,15,Friday,1872,19.39,2.91,9.79,14.67
implicit_abandon,15,Monday,2384,22.37,3.31,9.63,12.23
implicit_abandon,15,Saturday,2238,20.52,2.92,10.36,12.38
implicit_abandon,15,Tuesday,2217,23.33,3.87,8.34,13.75
implicit_abandon,15,Sunday,2401,21.01,3.21,9.25,9.94
implicit_abandon,15,Thursday,2040,19.23,3.08,8.85,13.25
explicit_abandon,15,Friday,787,41.47,6.97,9.77,43.46
explicit_abandon,15,Tuesday,916,43.83,7.41,10.86,35.38
explicit_abandon,15,Thursday,866,38.38,7.12,8.72,33.47
explicit_abandon,15,Wednesday,968,45.49,7.78,8.58,28.26
explicit_abandon,15,Sunday,1033,46.28,7.59,10.21,30.35
explicit_abandon,15,Monday,1046,45.09,7.81,10.11,38.50
explicit_abandon,15,Saturday,929,40.2,7.42,8.68,34.06
no_cart,16,Thursday,310,33.63,6.18,8.2,26.03
no_cart,16,Friday,307,30.54,5.89,5.7,29.86
no_cart,16,Tuesday,359,45.62,9.50,6.82,32.22
no_cart,16,Sunday,385,31.94,5.87,6.31,27.64
no_cart,16,Monday,376,33.54,6.32,6.31,31.97
no_cart,16,Wednesday,373,31.62,6.25,6.36,26.22
no_cart,16,Saturday,323,28.07,5.85,6.13,33.52
purchase,16,Tuesday,561,45.08,6.83,12.48,37.46
purchase,16,Friday,485,45.87,6.75,9.94,32.23
purchase,16,Monday,601,42.85,6.54,10.79,39.22
purchase,16,Sunday,554,52.63,8.42,10.01,34.37
purchase,16,Saturday,512,63.31,6.38,13.71,29.09
purchase,16,Thursday,456,41.51,6.13,11.16,36.68
purchase,16,Wednesday,553,43.87,6.88,11.11,34.29
implicit_abandon,16,Monday,2358,21.2,3.42,8.58,13.26
implicit_abandon,16,Saturday,2217,21.76,3.15,8.97,10.84
implicit_abandon,16,Sunday,2473,18.82,3.07,8.62,11.62
implicit_abandon,16,Thursday,2061,21.74,3.16,9.5,12.41
implicit_abandon,16,Tuesday,2154,20.94,3.26,9.31,12.27
implicit_abandon,16,Wednesday,2360,20.42,3.08,9.32,11.17
implicit_abandon,16,Friday,2096,20.02,2.86,8.66,12.28
explicit_abandon,16,Thursday,905,45.43,7.38,11.46,38.05
explicit_abandon,16,Monday,1039,44.8,7.76,8.36,29.17
explicit_abandon,16,Friday,886,44.52,7.58,10.43,29.58
explicit_abandon,16,Wednesday,994,48.64,7.62,11.04,30.41
explicit_abandon,16,Sunday,1049,44.97,8.03,8.41,31.50
explicit_abandon,16,Saturday,968,39.32,7.36,9.83,35.62
explicit_abandon,16,Tuesday,959,47.32,8.04,10.88,34.21
no_cart,17,Tuesday,375,39.95,6.66,7.61,30.72
no_cart,17,Wednesday,337,34.14,6.99,6.54,26.85
no_cart,17,Friday,341,29.41,6.03,6.46,47.81
no_cart,17,Thursday,331,34.45,6.50,6.27,33.83
no_cart,17,Saturday,339,36.01,7.09,5.55,34.08
no_cart,17,Sunday,373,35.71,6.80,7.53,29.04
no_cart,17,Monday,426,26.54,5.78,5.52,38.30
purchase,17,Friday,460,43.65,6.87,11,39.30
purchase,17,Monday,599,39.41,6.77,9.65,38.91
purchase,17,Saturday,493,45.45,7.02,10.98,35.97
purchase,17,Sunday,592,44.88,7.18,9.57,34.01
purchase,17,Wednesday,549,44.11,6.36,11.78,31.07
purchase,17,Thursday,590,42.82,6.62,11.78,35.67
purchase,17,Tuesday,575,39.24,6.69,8.63,34.28
implicit_abandon,17,Friday,2077,21.36,3.07,9.85,14.66
implicit_abandon,17,Monday,2630,20.51,3.29,8.47,11.10
implicit_abandon,17,Thursday,2296,20.91,3.18,8.73,13.18
implicit_abandon,17,Tuesday,2473,19.4,3.09,8.67,11.35
implicit_abandon,17,Wednesday,2336,19.37,3.18,8.96,10.31
implicit_abandon,17,Sunday,2657,21.52,3.31,10.14,10.22
implicit_abandon,17,Saturday,2224,21.42,3.24,9.1,11.28
explicit_abandon,17,Friday,903,43.49,7.22,10.73,34.12
explicit_abandon,17,Monday,1152,39.87,7.93,8.2,33.10
explicit_abandon,17,Saturday,1006,54.43,9.18,11.4,34.83
explicit_abandon,17,Thursday,959,43.96,7.43,10.55,33.31
explicit_abandon,17,Tuesday,1045,43.32,7.56,8.4,31.19
explicit_abandon,17,Sunday,1104,45.21,8.32,8.5,29.50
explicit_abandon,17,Wednesday,1031,45.85,7.77,9.01,27.74
no_cart,18,Tuesday,401,33.87,6.31,7.12,31.96
no_cart,18,Wednesday,433,31.73,6.70,5.95,25.99
no_cart,18,Friday,336,30.26,6.56,5.57,24.93
no_cart,18,Sunday,399,29.61,6.33,5.96,27.83
no_cart,18,Saturday,361,32.55,5.66,8.88,28.40
no_cart,18,Thursday,364,31.97,6.34,7.3,26.52
no_cart,18,Monday,443,31.53,5.98,6.36,27.24
purchase,18,Wednesday,599,37.81,6.58,9.38,29.68
purchase,18,Friday,482,41.97,7.49,10.03,34.35
purchase,18,Thursday,579,43.19,6.92,12.6,30.87
purchase,18,Monday,742,39.58,6.35,10.91,31.11
purchase,18,Tuesday,668,43.17,6.55,10.33,35.27
purchase,18,Saturday,516,41.11,6.41,11.11,35.17
purchase,18,Sunday,603,41.19,6.63,10.18,29.18
implicit_abandon,18,Friday,2249,19.68,3.46,8.69,12.91
implicit_abandon,18,Monday,2800,22.55,3.39,9.15,13.00
implicit_abandon,18,Saturday,2342,22.52,3.39,9.08,10.81
implicit_abandon,18,Tuesday,2600,19.64,3.05,8.9,10.91
implicit_abandon,18,Sunday,2595,21.21,3.36,9.42,10.51
implicit_abandon,18,Wednesday,2687,19.42,3.00,8.8,9.05
implicit_abandon,18,Thursday,2533,19.74,3.36,8.35,14.05
explicit_abandon,18,Sunday,1211,51.43,8.80,8.1,27.94
explicit_abandon,18,Tuesday,1151,45.13,7.80,9.78,28.68
explicit_abandon,18,Thursday,1167,42.68,7.81,8.98,31.37
explicit_abandon,18,Wednesday,1176,43.24,7.15,10.31,25.42
explicit_abandon,18,Monday,1220,44.48,7.77,8.33,31.52
explicit_abandon,18,Saturday,1108,44.49,7.99,8.47,29.80
explicit_abandon,18,Friday,1004,44.22,7.49,9.63,31.75
no_cart,19,Sunday,397,28.89,6.12,6.36,20.53
no_cart,19,Friday,342,24.34,5.35,5.4,23.79
no_cart,19,Tuesday,390,36.82,7.79,6.53,24.94
no_cart,19,Monday,456,32.84,6.27,6.57,33.80
no_cart,19,Thursday,409,31.81,6.33,6.75,23.20
no_cart,19,Saturday,364,32.53,6.30,6.34,25.12
no_cart,19,Wednesday,380,28.65,5.87,5.69,25.83
purchase,19,Sunday,573,43.04,6.55,10.41,29.65
purchase,19,Friday,446,40.69,6.71,9.75,29.67
purchase,19,Tuesday,656,40.51,6.46,9.92,31.51
purchase,19,Monday,659,42.95,7.14,9.49,31.45
purchase,19,Wednesday,607,43.47,7.03,11,28.47
purchase,19,Saturday,515,40.1,6.18,9.55,30.56
purchase,19,Thursday,581,43.95,6.88,12.63,28.16
implicit_abandon,19,Tuesday,2603,20.34,3.34,8.98,14.30
implicit_abandon,19,Friday,2345,19.93,3.16,8.79,11.12
implicit_abandon,19,Wednesday,2845,21.04,3.42,8.43,9.36
implicit_abandon,19,Monday,2893,23.29,3.74,8.53,11.50
implicit_abandon,19,Saturday,2553,20.28,3.30,8.35,10.66
implicit_abandon,19,Sunday,2773,21.51,3.41,9.32,9.80
implicit_abandon,19,Thursday,2533,21.64,3.51,8.98,10.69
explicit_abandon,19,Friday,980,44.63,8.59,7.61,28.19
explicit_abandon,19,Monday,1330,47.18,8.40,9.03,30.97
explicit_abandon,19,Thursday,1151,44.66,7.35,10.07,25.49
explicit_abandon,19,Wednesday,1187,43.94,7.64,9.15,23.38
explicit_abandon,19,Tuesday,1126,43.86,7.43,9.63,27.66
explicit_abandon,19,Sunday,1184,46.08,7.72,8.06,25.07
explicit_abandon,19,Saturday,1084,45.69,7.88,8.88,28.97
no_cart,20,Tuesday,354,28.67,5.91,6.03,25.97
no_cart,20,Wednesday,341,35.37,5.89,7.22,22.60
no_cart,20,Friday,298,30.93,5.45,8.36,20.55
no_cart,20,Sunday,340,29.19,5.81,6.56,22.14
no_cart,20,Saturday,305,32.89,6.64,6.41,25.75
no_cart,20,Thursday,355,37.78,6.97,6.57,26.95
no_cart,20,Monday,352,27.84,5.44,5.61,23.83
purchase,20,Thursday,457,37.86,6.08,11.06,27.47
purchase,20,Sunday,518,40.16,6.06,11.54,25.05
purchase,20,Friday,416,40.91,7.14,8.96,31.27
purchase,20,Tuesday,515,43.14,6.88,9.8,25.47
purchase,20,Wednesday,474,39.07,6.09,9.64,24.19
purchase,20,Monday,518,45.6,6.92,10.42,32.37
purchase,20,Saturday,422,38.98,6.47,9.1,27.10
implicit_abandon,20,Friday,2109,20.79,3.35,8.54,9.30
implicit_abandon,20,Monday,2404,22.49,3.56,9.31,9.12
implicit_abandon,20,Sunday,2524,19.94,3.40,8.17,8.33
implicit_abandon,20,Saturday,2203,21.36,3.51,8.92,10.18
implicit_abandon,20,Tuesday,2316,20.99,3.44,8.66,8.48
implicit_abandon,20,Wednesday,2419,20.05,3.34,8.3,9.18
implicit_abandon,20,Thursday,2321,20.32,3.42,8.62,8.66
explicit_abandon,20,Friday,922,47.22,8.64,8.55,28.66
explicit_abandon,20,Monday,1052,44.18,7.64,9.89,25.18
explicit_abandon,20,Tuesday,961,48.31,8.49,8.04,23.87
explicit_abandon,20,Sunday,1055,42.38,7.68,8.64,20.44
explicit_abandon,20,Thursday,973,44.92,7.48,9.3,23.08
explicit_abandon,20,Wednesday,997,44.83,7.89,9.06,21.53
explicit_abandon,20,Saturday,954,43.76,8.41,8.25,24.99
no_cart,21,Saturday,239,27.22,6.55,5.41,19.33
no_cart,21,Monday,236,25.67,5.87,4.83,26.44
no_cart,21,Friday,217,31,6.86,5.8,21.20
no_cart,21,Sunday,249,30.59,6.18,6.5,22.50
no_cart,21,Thursday,235,26.26,5.83,5.92,23.04
no_cart,21,Tuesday,185,25.79,5.61,5.64,19.96
no_cart,21,Wednesday,228,33.12,6.64,6.23,24.72
purchase,21,Sunday,280,37.81,5.78,10.9,20.77
purchase,21,Monday,341,41.07,7.00,9.78,29.73
purchase,21,Thursday,295,41.78,6.67,9.44,23.93
purchase,21,Saturday,290,46.85,6.08,12.75,23.96
purchase,21,Tuesday,333,47.22,6.92,14.18,26.26
purchase,21,Friday,248,50.07,6.49,18.35,24.20
purchase,21,Wednesday,334,42.03,7.19,9.82,25.24
implicit_abandon,21,Friday,1569,22.1,3.30,9.48,10.10
implicit_abandon,21,Thursday,1524,20.61,3.49,8.19,8.31
implicit_abandon,21,Saturday,1649,20.99,3.39,8.87,9.80
implicit_abandon,21,Tuesday,1505,20.44,3.38,8.66,8.00
implicit_abandon,21,Monday,1612,21.17,3.31,8.53,9.04
implicit_abandon,21,Wednesday,1567,20.59,3.24,8.38,8.20
implicit_abandon,21,Sunday,1631,22.93,3.47,9.92,8.68
explicit_abandon,21,Monday,633,42.66,8.03,7.61,21.66
explicit_abandon,21,Thursday,664,50.07,8.31,8.53,21.59
explicit_abandon,21,Saturday,632,54.15,8.84,10.41,22.10
explicit_abandon,21,Tuesday,605,40.59,7.49,9.83,20.65
explicit_abandon,21,Friday,543,44.66,7.79,8.89,21.94
explicit_abandon,21,Wednesday,650,44.98,7.99,8.63,22.45
explicit_abandon,21,Sunday,701,44.15,7.26,8.75,21.84
no_cart,22,Sunday,137,25.54,5.22,6.13,18.06
no_cart,22,Friday,125,40.26,6.54,5.53,21.95
no_cart,22,Tuesday,140,37.84,7.54,5.46,19.35
no_cart,22,Monday,128,30.23,5.55,5.7,20.32
no_cart,22,Thursday,111,40.61,6.78,5.5,18.41
no_cart,22,Saturday,141,28.48,5.38,7.36,17.83
no_cart,22,Wednesday,126,37.16,7.15,10.85,19.57
purchase,22,Sunday,168,43.9,6.19,13.54,21.09
purchase,22,Friday,143,47.97,6.13,22.54,20.84
purchase,22,Tuesday,178,43.22,6.20,13.02,21.33
purchase,22,Monday,171,45.06,6.90,9.21,24.76
purchase,22,Wednesday,153,41.28,6.31,7.79,23.26
purchase,22,Saturday,179,30.45,5.60,7.89,19.34
purchase,22,Thursday,178,36.42,6.61,8.25,21.31
implicit_abandon,22,Tuesday,839,23.98,3.66,7.89,7.07
implicit_abandon,22,Friday,904,19.58,3.29,8.04,7.72
implicit_abandon,22,Wednesday,972,17.49,3.16,7.32,6.90
implicit_abandon,22,Monday,1017,20.56,3.62,7.91,7.54
implicit_abandon,22,Saturday,1047,19.99,3.32,8.52,8.11
implicit_abandon,22,Sunday,980,19.81,3.46,7.56,7.12
implicit_abandon,22,Thursday,934,22.42,3.72,8.01,7.40
explicit_abandon,22,Friday,328,41.31,7.16,8.12,18.87
explicit_abandon,22,Monday,369,46.94,7.36,9.23,19.63
explicit_abandon,22,Thursday,349,42.13,6.89,8.18,17.54
explicit_abandon,22,Wednesday,380,44.58,7.02,10.98,20.14
explicit_abandon,22,Tuesday,380,39.71,7.28,9.65,19.36
explicit_abandon,22,Sunday,398,43.15,6.75,7.62,18.62
explicit_abandon,22,Saturday,379,47.64,6.93,11.01,19.47
no_cart,23,Thursday,47,24.66,4.30,11.22,12.58
no_cart,23,Tuesday,54,19.81,3.61,6.26,10.27
no_cart,23,Friday,43,18.55,5.19,4.33,10.29
no_cart,23,Wednesday,54,32.49,4.13,18.63,11.58
no_cart,23,Saturday,65,16.28,4.23,4.46,11.39
no_cart,23,Sunday,60,28.14,5.23,6.66,10.95
no_cart,23,Monday,50,24.24,4.74,6.54,10.26
purchase,23,Friday,59,31.06,4.22,10.38,11.79
purchase,23,Monday,61,34.08,6.05,11.25,13.66
purchase,23,Sunday,58,38.27,4.09,16.09,14.07
purchase,23,Thursday,69,32.79,4.51,10.17,12.36
purchase,23,Tuesday,69,29.26,4.06,10.16,12.52
purchase,23,Saturday,70,34.01,5.60,9.41,16.29
purchase,23,Wednesday,64,37.79,5.86,14.35,16.73
implicit_abandon,23,Friday,479,20.05,3.01,8.78,4.90
implicit_abandon,23,Monday,547,18.43,3.08,8.46,4.91
implicit_abandon,23,Saturday,516,20.31,3.30,8.49,5.05
implicit_abandon,23,Thursday,544,17.16,2.74,7.67,5.26
implicit_abandon,23,Tuesday,509,20.08,2.60,9.6,4.74
implicit_abandon,23,Sunday,515,18.26,2.68,8.39,4.88
implicit_abandon,23,Wednesday,502,15.97,2.86,7.42,4.96
explicit_abandon,23,Friday,149,37.99,5.51,9.61,10.37
explicit_abandon,23,Monday,175,26.08,4.87,8.21,11.21
explicit_abandon,23,Saturday,186,37.63,4.88,13.22,10.26
explicit_abandon,23,Thursday,153,32,6.01,7.52,11.93
explicit_abandon,23,Sunday,168,30.64,6.93,7.78,11.97
explicit_abandon,23,Tuesday,133,43.71,7.41,8.62,12.43
explicit_abandon,23,Wednesday,137,37.88,6.50,9.69,11.28
